slug,category
"/","Other"
"/about","Other"
"/affordable-credit-repair-australia","Credit Repair"
"/apply-credit-repair","Credit Repair"
"/attorneys-for-credit-repair-australia","Credit Repair"
"/australian-credit-lawyers-now-australian-credit-solutions","Legal & Rights"
"/best-credit-cleanup-company-australia","Credit Repair"
"/blogs","Blog"
"/booking-confirmation","Other"
"/complaints-handling-policy","Other"
"/contact-us","Other"
"/credit-australia-repair","Credit Repair"
"/credit-enquiry-removal","Enquiries"
"/credit-enquiry-removal-australia","Enquiries"
"/credit-repair-adelaide","Credit Repair"
"/credit-repair-after-bankruptcy","Credit Repair"
"/credit-repair-after-debt-agreement-part-9","Credit Repair"
"/credit-repair-after-divorce-or-separation","Credit Repair"
"/credit-repair-after-identity-theft-australia","Credit Repair"
"/credit-repair-assistance-australia","Credit Repair"
"/credit-repair-australia","Credit Repair"
"/credit-repair-bendigo-ballarat-regional-victoria","Credit Repair"
"/credit-repair-brisbane","Credit Repair"
"/credit-repair-canberra","Credit Repair"
"/credit-repair-canberra-act","Credit Repair"
"/credit-repair-credit-card-applications","Credit Repair"
"/credit-repair-darwin","Credit Repair"
"/credit-repair-darwin-nt","Credit Repair"
"/credit-repair-for-car-finance","Credit Repair"
"/credit-repair-for-centrelink-recipients-australia","Credit Repair"
"/credit-repair-for-credit-card-applications-australia","Credit Repair"
"/credit-repair-for-first-home-buyers","Credit Repair"
"/credit-repair-geelong-warrnambool-western-victoria","Credit Repair"
"/credit-repair-gold-coast-queensland","Credit Repair"
"/credit-repair-hobart","Credit Repair"
"/credit-repair-home-loan-approval","Credit Repair"
"/credit-repair-melbourne","Credit Repair"
"/credit-repair-melbourne-victoria","Credit Repair"
"/credit-repair-perth","Credit Repair"
"/credit-repair-regional-nsw","Credit Repair"
"/credit-repair-sale-traralgon-gippsland-victoria","Credit Repair"
"/credit-repair-south-australia-adelaide","Credit Repair"
"/credit_repair_sydney","Credit Repair"
"/credit-score","Credit Score"
"/default-removal-services-australia","Defaults"
"/does-late-rent-payment-affect-credit-score-australia","Credit Score"
"/emergency-credit-repair","Credit Repair"
"/equifax-default-removal-australia","Defaults"
"/faq","Guides & Education"
"/fix-bad-credit-australia","Other"
"/fix-credit-after-job-loss-hardship-australia","Other"
"/fix-my-credit-now","Other"
"/free-credit-assessment","Other"
"/get-credit-repair","Credit Repair"
"/how-many-points-hard-inquiry-affect-credit-score","Credit Score"
"/how-to-fix-my-credit-score-australia","Credit Score"
"/licensed-credit-repair-australia","Credit Repair"
"/meeting-schedule","Other"
"/no-win-no-fee-credit-repair","Credit Repair"
"/our-responsibility","Other"
"/our-services","Services"
"/our-simple-5-step-process","Other"
"/our-story","Other"
"/pay-for-credit-repair-help-australia","Credit Repair"
"/privacy-policy","Other"
"/professional-credit-repair-services-australia","Credit Repair"
"/remove-defaults-from-your-credit-file","Defaults"
"/repair-your-credit-score-australia","Credit Score"
"/south-australia-credit-repair","Credit Repair"
"/terms-conditions","Other"
"/testimonial","Other"
"/what-is-a-good-credit-score-australia","Credit Score"
"/worst-repayment-history-removal","Credit Repair"
"/blog-details/10-good-credit-history-habits-for-financial-success","Blog"
"/blog-details/620-credit-score-in-australia-steps-to-boost-your-rating-to-830","Credit Score"
"/blog-details/bad-credit-6-surprising-facts-you-need-to-know","Blog"
"/blog-details/bad-credit-borrowers-5-things-you-should-never-do","Blog"
"/blog-details/bad-credit-can-cost-you-money-here-s-why","Blog"
"/blog-details/bad-credit-car-buying-tips-how-to-secure-a-loan","Guides & Education"
"/blog-details/bad-credit-fix-secret-how-to-achieve-a-750-credit-score","Credit Score"
"/blog-details/bad-credit-how-long-does-it-stay-on-record-in-australia","Blog"
"/blog-details/bad-credit-loans-how-to-get-a-loan-with-bad-credit","Guides & Education"
"/blog-details/bad-credit-repair-loans-how-to-improve-your-credit-and-secure-financing-in-australia","Credit Repair"
"/blog-details/bankruptcy-on-your-credit-report-should-you-remove-it","Credit Repair"
"/blog-details/best-credit-card-to-build-credit-score-in-australia-for-2024","Credit Score"
"/blog-details/best-credit-cards-for-poor-credit-score-in-2024","Credit Score"
"/blog-details/best-credit-cards-to-build-credit-for-young-adults","Blog"
"/blog-details/best-credit-repair-australia-how-it-works","Credit Repair"
"/blog-details/best-credit-repair-australia-how-to-choose-the-right-firm","Credit Repair"
"/blog-details/best-practices-for-managing-credit-card-debt-effectively","Blog"
"/blog-details/boost-your-credit-score-a-comprehensive-guide","Credit Score"
"/blog-details/buy-now-pay-later-your-credit-rating-what-you-need-to-know","Blog"
"/blog-details/can-a-credit-repair-company-helps-create-a-decent-credit-report","Credit Repair"
"/blog-details/can-credit-repair-in-australia-help-you-reclaim-your-financial-future","Credit Repair"
"/blog-details/can-you-get-a-car-loan-with-bad-credit-in-australia","Blog"
"/blog-details/cheapest-way-to-fix-my-credit-affordable-solutions","Blog"
"/blog-details/check-how-credit-repair-is-essential-for-small-business-owners","Credit Repair"
"/blog-details/checking-your-credit-score-14-things-you-shouldn-t-overlook","Credit Score"
"/blog-details/common-credit-score-myths-debunked-what-you-need-to-know","Credit Score"
"/blog-details/connection-between-your-credit-score-employment-opportunities","Credit Score"
"/blog-details/credit-file-defaults-can-an-unreceived-bill-appear-on-your-report","Defaults"
"/blog-details/credit-file-errors-how-to-repair-them-effectively","Credit Repair"
"/blog-details/credit-file-fix-think-no-one-can-help-think-again","Blog"
"/blog-details/credit-file-repair-reasons-to-dispute-items-on-credit-report","Credit Repair"
"/blog-details/credit-fix-6-key-reasons-you-should-discuss-your-credit","Blog"
"/blog-details/credit-repair-darwin","Credit Repair"
"/blog-details/credit-repair-do-you-really-need-it","Credit Repair"
"/blog-details/credit-repair-expertise-guide-to-australian-credit-solutions","Credit Repair"
"/blog-details/credit-repair-for-millennials-the-guide-to-boost-your-score","Credit Score"
"/blog-details/credit-repair-hobart","Credit Repair"
"/blog-details/credit-repair-in-australia-can-help-you-buy-a-home-or-car","Credit Repair"
"/blog-details/credit-repair-in-australia-separating-myths-from-facts","Credit Repair"
"/blog-details/credit-repair-melbourne-getting-the-road-to-better-credit","Credit Repair"
"/blog-details/credit-repair-perth","Credit Repair"
"/blog-details/credit-repair-process-how-credit-repair-lawyers-can-help","Credit Repair"
"/blog-details/credit-repair-strategies-for-a-quick-boost-to-your-score","Credit Score"
"/blog-details/credit-repair-vs-credit-counselling-get-the-key-differences","Credit Repair"
"/blog-details/credit-report-check-how-to-find-out-if-someone-accessed-it","Guides & Education"
"/blog-details/credit-report-problems-quick-solutions-to-fix-errors-fast","Blog"
"/blog-details/credit-report-red-flags-that-can-terrify-lenders","Blog"
"/blog-details/debt-consolidation-vs-credit-repair-what-s-the-difference","Credit Repair"
"/blog-details/debunking-credit-repair-scams-how-to-spot-and-avoid-fraud","Credit Repair"
"/blog-details/divorce-and-your-credit-score-key-things-you-should-know","Credit Score"
"/blog-details/does-being-late-on-rent-affect-credit-score","Credit Score"
"/blog-details/does-betting-affect-your-credit-score","Credit Score"
"/blog-details/does-canceling-a-credit-card-affect-your-credit-score","Credit Score"
"/blog-details/does-consolidating-debt-hurt-credit-score-in-australia","Credit Score"
"/blog-details/does-making-minimum-payments-hurt-your-credit-score","Credit Score"
"/blog-details/does-novated-lease-affect-credit-score","Credit Score"
"/blog-details/does-online-shopping-affect-credit-score","Credit Score"
"/blog-details/duration-of-a-bad-credit-rating-in-australia-recovery-steps","Blog"
"/blog-details/easy-credit-repair-with-this-leading-aussie-company","Credit Repair"
"/blog-details/enhance-credit-report-5-steps-to-repair-your-credit-file","Credit Repair"
"/blog-details/equifax-default-removal-how-to-remove-defaults-from-your-credit-report","Defaults"
"/blog-details/establish-good-credit-habits-for-long-term-financial-success","Blog"
"/blog-details/fix-a-bad-credit-score-the-quickest-and-easiest-way","Credit Score"
"/blog-details/fix-bad-credit-in-perth-a-comprehensive-guide","Guides & Education"
"/blog-details/fix-bad-credit-score-how-to-get-a-card-after-bankruptcy","Credit Score"
"/blog-details/fix-bad-credit-without-facing-any-problems","Blog"
"/blog-details/fix-credit-file-fast-bad-credit-repair-tips","Credit Repair"
"/blog-details/fix-credit-quickly-top-strategies-for-fast-credit-repair","Credit Repair"
"/blog-details/fix-my-credit-common-mistakes-to-avoid-for-good-credit-repair","Credit Repair"
"/blog-details/fix-my-credit-diy-vs-professional-help-for-credit-repair","Credit Repair"
"/blog-details/fix-my-credit-how-long-does-it-take-to-improve-credit-score","Credit Score"
"/blog-details/fix-my-credit-score-top-credit-repair-services-in-australia","Credit Score"
"/blog-details/fix-my-credit-what-are-the-top-credit-repair-services-to-fix-my-credit-fast","Credit Repair"
"/blog-details/fix-your-bad-credit-and-change-your-financial-future","Blog"
"/blog-details/fix-your-credit-history-and-get-ready-for-the-holidays","Blog"
"/blog-details/fix-your-credit-score-easy-steps-to-improve-your-credit","Credit Score"
"/blog-details/fixing-bad-credit-and-building-good-credit-essential-steps","Blog"
"/blog-details/fixing-credit-after-a-divorce-steps-to-financial-recovery","Blog"
"/blog-details/fixing-your-credit-file-to-own-your-life-again","Blog"
"/blog-details/fixing-your-credit-score-before-an-emergency-what-to-know","Credit Score"
"/blog-details/get-loans-with-bad-credit","Blog"
"/blog-details/guide-to-credit-repair-without-fuss-steps-to-boost-score","Credit Score"
"/blog-details/have-bad-credit-get-credit-repair-help-identity-protection","Credit Repair"
"/blog-details/having-bad-credits-why-you-ll-never-succeed","Blog"
"/blog-details/hidden-connection-between-credit-score-insurance-premiums","Credit Score"
"/blog-details/how-a-good-credit-score-can-save-you-money-on-loans-more","Credit Score"
"/blog-details/how-can-i-fix-my-credit-score-in-australia","Credit Score"
"/blog-details/how-can-i-increase-my-credit-score","Credit Score"
"/blog-details/how-do-credit-repairs-in-australia-work","Credit Repair"
"/blog-details/how-does-a-young-person-build-credit-in-australia-a-comprehensive-guide","Guides & Education"
"/blog-details/how-does-credit-score-work","Credit Score"
"/blog-details/how-is-your-credit-score-calculated","Credit Score"
"/blog-details/how-medical-bills-can-affect-your-credit-score-what-to-do","Credit Score"
"/blog-details/how-public-records-affect-your-credit-score-financial-health","Credit Score"
"/blog-details/how-serious-is-a-credit-infringement-on-your-financial-health","Blog"
"/blog-details/how-shopping-impacts-your-credit-score-what-you-need-to-know","Credit Score"
"/blog-details/how-to-avoid-debt-trap-practical-tips-for-financial-stability","Guides & Education"
"/blog-details/how-to-build-a-good-credit-score-from-scratch","Credit Score"
"/blog-details/how-to-correct-an-error-on-your-credit-report","Guides & Education"
"/blog-details/how-to-deal-with-bad-credit-steps-to-improve-your-score","Credit Score"
"/blog-details/how-to-dispute-inaccuracies-on-your-credit-report-best-guide","Guides & Education"
"/blog-details/how-to-establish-a-credit-score","Credit Score"
"/blog-details/how-to-fix-my-bad-credit-score-of-530","Credit Score"
"/blog-details/how-to-fix-my-credit-score-a-complete-guide-for-starters","Credit Score"
"/blog-details/how-to-fix-the-wordpress-white-screen-of-death-wsod","Guides & Education"
"/blog-details/how-to-fix-your-credit-rating-in-15-simple-steps","Guides & Education"
"/blog-details/how-to-fix-your-credit-report-and-pay-off-credit-cards","Guides & Education"
"/blog-details/how-to-fix-your-credit-report-learn-with-our-free-guide","Guides & Education"
"/blog-details/how-to-get-a-credit-check-in-australia-a-step-by-step-guide","Guides & Education"
"/blog-details/how-to-identify-errors-in-your-credit-report","Guides & Education"
"/blog-details/how-to-increase-upload-size-in-wordpress-4-easy-methods","Guides & Education"
"/blog-details/how-to-increase-your-credit-score-in-one-month","Credit Score"
"/blog-details/how-to-remove-a-negative-mark-on-your-credit-report-in-australia-a-comprehensive-guide","Credit Repair"
"/blog-details/how-to-remove-negative-items-from-your-credit-report-legally","Credit Repair"
"/blog-details/how-to-repair-credit-and-get-a-loan-free-credit-repair-tips","Credit Repair"
"/blog-details/how-to-repair-your-credit-report-as-a-student","Credit Repair"
"/blog-details/how-to-use-a-credit-card-responsibly","Guides & Education"
"/blog-details/how-to-use-rich-snippets-in-wordpress-a-beginner-s-guide","Guides & Education"
"/blog-details/how-to-use-rich-snippets-in-wordpress-a-beginners-guide","Guides & Education"
"/blog-details/how-you-may-be-damaging-your-credit-without-realizing-it","Blog"
"/blog-details/how-your-credit-score-affects-car-loan-approval-in-australia","Credit Score"
"/blog-details/impact-of-identity-theft-on-your-credit-score-how-to-protect-it","Credit Score"
"/blog-details/impact-of-late-payments-on-your-credit-score-things-to-know","Credit Score"
"/blog-details/important-credit-repair-tips-to-teach-our-kids","Credit Repair"
"/blog-details/improving-your-credit-score-without-taking-on-new-debt","Credit Score"
"/blog-details/is-there-really-a-free-credit-score-check-online","Credit Score"
"/blog-details/is-your-credit-report-accurate-common-credit-errors-to-avoid","Blog"
"/blog-details/is-your-credit-score-affecting-your-life-fix-it-today","Credit Score"
"/blog-details/is-your-credit-score-good-3-reasons-to-check-it-now","Credit Score"
"/blog-details/is-your-credit-score-holding-you-back-discover-how-we-can-help-with-default-removal","Credit Score"
"/blog-details/legal-credit-repair-advice-for-australians-improve-score","Credit Score"
"/blog-details/loans-for-bad-credit-best-options-to-choose-rebuild-score","Credit Score"
"/blog-details/loans-for-bad-credit-how-to-get-approved-with-low-credit-score","Credit Score"
"/blog-details/mastering-financial-freedom-how-to-improve-your-credit-score","Credit Score"
"/blog-details/mistakes-that-can-hurt-your-credit-score-how-to-avoid-them","Credit Score"
"/blog-details/need-credit-repair-how-to-increase-your-credit-score-fast","Credit Score"
"/blog-details/no-credit-check-car-loans-understanding-your-options-with-bad-credit","Blog"
"/blog-details/number-1-credit-repair-service-find-the-best-solution","Credit Repair"
"/blog-details/protect-credit-score-expert-tips-from-australian-credit-lawyers","Credit Score"
"/blog-details/rebuilding-bad-credit-6-best-practices-for-improvement","Blog"
"/blog-details/rebuilding-financial-health-repair-credit-score-with-us","Credit Score"
"/blog-details/relationship-between-income-credit-score-check-now","Credit Score"
"/blog-details/remove-negative-credit-items-australia-2025","Credit Repair"
"/blog-details/repair-or-not-to-repair-fixing-credit-report-when-it-s-bad","Credit Repair"
"/blog-details/repair-your-credit-history-a-step-by-step-guide","Credit Repair"
"/blog-details/repair-your-credit-with-australian-credit-solutions-check-now","Credit Repair"
"/blog-details/repairing-credit-the-first-step-to-debt-relief","Credit Repair"
"/blog-details/repairing-your-credit-isn-t-working-here-s-what-to-do-next","Credit Repair"
"/blog-details/role-of-interest-rates-in-credit-repair-financial-recovery","Credit Repair"
"/blog-details/secured-loan-vs-unsecured-loan-a-comprehensive-guide","Guides & Education"
"/blog-details/shopify-vs-woocommerce-which-ecommerce-platform-is-best","Blog"
"/blog-details/start-fixing-your-credit-a-step-by-step-guide","Guides & Education"
"/blog-details/steps-to-take-after-a-credit-score-drop-a-quick-guide","Credit Score"
"/blog-details/struggling-with-a-low-credit-score-here-s-how-to-fix-your-credit-score-and-move-forward","Credit Score"
"/blog-details/the-basics-of-credit-scores-what-you-need-to-know","Credit Score"
"/blog-details/the-benefits-of-a-good-credit-report-why-your-score-matters","Credit Score"
"/blog-details/the-benefits-of-good-credit-score-when-buying-a-home","Credit Score"
"/blog-details/the-best-way-for-young-adults-to-build-credit","Blog"
"/blog-details/the-connection-between-debt-consolidation-and-credit-repair","Credit Repair"
"/blog-details/the-fastest-way-to-fix-your-credit-score-expert-tips-here","Credit Score"
"/blog-details/the-impact-of-student-loans-on-credit-score-financial-health","Credit Score"
"/blog-details/the-importance-of-monitoring-your-credit-score-regularly","Credit Score"
"/blog-details/the-legal-side-of-credit-repair-key-laws-what-you-need-to-know","Credit Repair"
"/blog-details/the-new-way-to-rebuild-your-credit-report-boost-your-score","Credit Score"
"/blog-details/the-pros-cons-of-credit-repair-companies-is-it-worth-it","Credit Repair"
"/blog-details/the-truth-about-credit-repair-hype-or-help","Credit Repair"
"/blog-details/tips-for-rebuilding-your-credit-score-after-bankruptcy","Credit Score"
"/blog-details/top-5-credit-repair-companies-in-australia-comprehensive-reviews-comparisons","Credit Repair"
"/blog-details/top-companies-to-help-fix-your-credit-credit-repair-services","Credit Repair"
"/blog-details/understanding-hard-inquiries-their-effect-on-your-credit-score","Credit Score"
"/blog-details/understanding-the-basics-of-credit-repair-a-beginner-s-guide","Credit Repair"
"/blog-details/unlock-financial-freedom-repair-your-credit-score-now","Credit Score"
"/blog-details/what-are-the-current-fees-for-credit-repair-services-in-australia","Credit Repair"
"/blog-details/what-covers-a-credit-repair-a-quick-guide","Credit Repair"
"/blog-details/what-damages-credit-score","Credit Score"
"/blog-details/what-does-your-credit-score-start-at","Credit Score"
"/blog-details/what-is-a-good-credit-score","Credit Score"
"/blog-details/what-is-the-best-way","Guides & Education"
"/blog-details/what-is-the-best-way-for-young-adults-to-build-credit","Guides & Education"
"/blog-details/what-is-the-highest-credit-score-in-australia","Credit Score"
"/blog-details/what-is-the-purpose-of-credit-repair","Credit Repair"
"/blog-details/what-s-an-excellent-credit-score-understanding-credit-ratings","Credit Score"
"/blog-details/what-to-do-after-declaring-bankruptcy-a-fresh-start-awaits","Blog"
"/blog-details/why-did-my-credit-score-go-down-understanding-the-factors","Credit Score"
"/blog-details/why-repairing-credit-score-is-crucial-for-financial-wellness","Credit Score"
"/blog-details/will-credit-fixing-improve-your-finances","Blog"
"/blog-details/will-paying-off-credit-cards-increase-credit-score","Credit Score"
"/blog-details/your-credit-score-is-530-why-not-start-fixing-it-today","Credit Score"